{"cameraMode":{"drawMode":0,"name":"Shaded","section":"Shading Mode"},"sceneLighting":false,"audioPlay":false,"sceneViewState":{"showFog":true,"showMaterialUpdate":false,"showSkybox":false,"showFlares":true,"showImageEffects":true,"showParticleSystems":true},"in2DMode":false,"pivot":{"x":-1.5006794929504395,"y":0.7602952718734741,"z":-0.21648740768432618},"rotation":{"x":0.15122413635253907,"y":0.12272802740335465,"z":-0.018925292417407037,"w":0.9806686639785767},"size":3.6261186599731447,"orthographic":false}