{"cameraMode":{"drawMode":0,"name":"Shaded","section":"Shading Mode"},"sceneLighting":true,"audioPlay":false,"sceneViewState":{"showFog":true,"showMaterialUpdate":false,"showSkybox":true,"showFlares":true,"showImageEffects":true,"showParticleSystems":true},"in2DMode":false,"pivot":{"x":18.181859970092775,"y":21.12079429626465,"z":17.80797004699707},"rotation":{"x":0.003853404661640525,"y":0.9341374635696411,"z":-0.3567506670951843,"w":0.010090016759932042},"size":7.9359846115112309,"orthographic":false}