{"cameraMode":{"drawMode":0,"name":"Shaded","section":"Shading Mode"},"sceneLighting":true,"audioPlay":false,"sceneViewState":{"showFog":false,"showMaterialUpdate":false,"showSkybox":false,"showFlares":false,"showImageEffects":false,"showParticleSystems":false},"in2DMode":false,"pivot":{"x":40.02864074707031,"y":54.48120880126953,"z":59.465457916259769},"rotation":{"x":-0.18329504132270814,"y":-0.5767697691917419,"z":0.1347416490316391,"w":-0.7845960259437561},"size":6.882551670074463,"orthographic":false}