{"cameraMode":{"drawMode":0,"name":"Shaded","section":"Shading Mode"},"sceneLighting":false,"audioPlay":false,"sceneViewState":{"showFog":false,"showMaterialUpdate":false,"showSkybox":false,"showFlares":false,"showImageEffects":false,"showParticleSystems":false},"in2DMode":false,"pivot":{"x":-6363.42822265625,"y":364.567138671875,"z":-56.6552734375},"rotation":{"x":0.11615090072154999,"y":-0.18509633839130402,"z":0.022036969661712648,"w":0.9755844473838806},"size":29.938961029052736,"orthographic":false}