{"cameraMode":{"drawMode":0,"name":"Shaded","section":"Shading Mode"},"sceneLighting":false,"audioPlay":false,"sceneViewState":{"showFog":false,"showMaterialUpdate":false,"showSkybox":false,"showFlares":false,"showImageEffects":false,"showParticleSystems":false},"in2DMode":false,"pivot":{"x":562.9619140625,"y":214.6739501953125,"z":-2.6029052734375},"rotation":{"x":0.0494784340262413,"y":-0.007490756921470165,"z":0.00037108807009644806,"w":0.9987469911575317},"size":894.7454223632813,"orthographic":false}